row,cell,h,lambda,wd,nh,seed,tag,outdir,matched_m0,tool,status,env
1,m0,2,0,,,,m0_50_h2_l0,p4grid/m0_50_h2_l0,p4grid/m0_50_h2_l0,m4_linear_eta,ok,"LAMS=0 OUTSUB=p4grid RH=2 SCORE_TU=52,74 TAGPFX=m0_50 TRAIN_TU=50"
2,m0,2,1e-05,,,,m0_50_h2_l1e-05,p4grid/m0_50_h2_l1e-05,p4grid/m0_50_h2_l1e-05,m4_linear_eta,ok,"LAMS=1e-05 OUTSUB=p4grid RH=2 SCORE_TU=52,74 TAGPFX=m0_50 TRAIN_TU=50"
3,m0,2,0.0001,,,,m0_50_h2_l0.0001,p4grid/m0_50_h2_l0.0001,p4grid/m0_50_h2_l0.0001,m4_linear_eta,ok,"LAMS=0.0001 OUTSUB=p4grid RH=2 SCORE_TU=52,74 TAGPFX=m0_50 TRAIN_TU=50"
4,m0,3,0,,,,m0_50_h3_l0,p4grid/m0_50_h3_l0,p4grid/m0_50_h3_l0,m4_linear_eta,ok,"LAMS=0 OUTSUB=p4grid RH=3 SCORE_TU=52,74 TAGPFX=m0_50 TRAIN_TU=50"
5,m0,3,1e-05,,,,m0_50_h3_l1e-05,p4grid/m0_50_h3_l1e-05,p4grid/m0_50_h3_l1e-05,m4_linear_eta,ok,"LAMS=1e-05 OUTSUB=p4grid RH=3 SCORE_TU=52,74 TAGPFX=m0_50 TRAIN_TU=50"
6,m0,3,0.0001,,,,m0_50_h3_l0.0001,p4grid/m0_50_h3_l0.0001,p4grid/m0_50_h3_l0.0001,m4_linear_eta,ok,"LAMS=0.0001 OUTSUB=p4grid RH=3 SCORE_TU=52,74 TAGPFX=m0_50 TRAIN_TU=50"
7,m0,5,0,,,,m0_50_h5_l0,p4grid/m0_50_h5_l0,p4grid/m0_50_h5_l0,m4_linear_eta,ok,"LAMS=0 OUTSUB=p4grid RH=5 SCORE_TU=52,74 TAGPFX=m0_50 TRAIN_TU=50"
8,m0,5,1e-05,,,,m0_50_h5_l1e-05,p4grid/m0_50_h5_l1e-05,p4grid/m0_50_h5_l1e-05,m4_linear_eta,ok,"LAMS=1e-05 OUTSUB=p4grid RH=5 SCORE_TU=52,74 TAGPFX=m0_50 TRAIN_TU=50"
9,m0,5,0.0001,,,,m0_50_h5_l0.0001,p4grid/m0_50_h5_l0.0001,p4grid/m0_50_h5_l0.0001,m4_linear_eta,ok,"LAMS=0.0001 OUTSUB=p4grid RH=5 SCORE_TU=52,74 TAGPFX=m0_50 TRAIN_TU=50"
10,m3f,2,0,0.01,16,1,m3f_h2_l0_wd0.01_nh16_s1,p4grid/m3f_h2_l0_wd0.01_nh16_s1,p4grid/m0_50_h2_l0,m4_window_fit,ok,"RIKFLOW_W_ARCH=dense RIKFLOW_W_BATCH=256 RIKFLOW_W_EMISSION=constant RIKFLOW_W_EPOCHS=400 RIKFLOW_W_H=2 RIKFLOW_W_HIST_VAR=q_star_q RIKFLOW_W_LAMBDA=0 RIKFLOW_W_NH=16 RIKFLOW_W_NZ=0 RIKFLOW_W_OUTSUB=p4grid RIKFLOW_W_PATIENCE=30 RIKFLOW_W_SCORE_TU=52,74 RIKFLOW_W_SEED=1 RIKFLOW_W_SEEDHEAD=1 RIKFLOW_W_STOP_PATIENCE=80 RIKFLOW_W_STOP_WINDOW=20000 RIKFLOW_W_TAG=m3f_h2_l0_wd0.01_nh16_s1 RIKFLOW_W_TRAIN_TU=50 RIKFLOW_W_VAL_EVERY=100 RIKFLOW_W_W=1 RIKFLOW_W_WD=0.01 RIKFLOW_W_WD_EXCLUDE=bd,Araw"
11,m3f,2,0,0.01,16,2,m3f_h2_l0_wd0.01_nh16_s2,p4grid/m3f_h2_l0_wd0.01_nh16_s2,p4grid/m0_50_h2_l0,m4_window_fit,ok,"RIKFLOW_W_ARCH=dense RIKFLOW_W_BATCH=256 RIKFLOW_W_EMISSION=constant RIKFLOW_W_EPOCHS=400 RIKFLOW_W_H=2 RIKFLOW_W_HIST_VAR=q_star_q RIKFLOW_W_LAMBDA=0 RIKFLOW_W_NH=16 RIKFLOW_W_NZ=0 RIKFLOW_W_OUTSUB=p4grid RIKFLOW_W_PATIENCE=30 RIKFLOW_W_SCORE_TU=52,74 RIKFLOW_W_SEED=2 RIKFLOW_W_SEEDHEAD=1 RIKFLOW_W_STOP_PATIENCE=80 RIKFLOW_W_STOP_WINDOW=20000 RIKFLOW_W_TAG=m3f_h2_l0_wd0.01_nh16_s2 RIKFLOW_W_TRAIN_TU=50 RIKFLOW_W_VAL_EVERY=100 RIKFLOW_W_W=1 RIKFLOW_W_WD=0.01 RIKFLOW_W_WD_EXCLUDE=bd,Araw"
12,m3f,2,0,0.01,16,3,m3f_h2_l0_wd0.01_nh16_s3,p4grid/m3f_h2_l0_wd0.01_nh16_s3,p4grid/m0_50_h2_l0,m4_window_fit,ok,"RIKFLOW_W_ARCH=dense RIKFLOW_W_BATCH=256 RIKFLOW_W_EMISSION=constant RIKFLOW_W_EPOCHS=400 RIKFLOW_W_H=2 RIKFLOW_W_HIST_VAR=q_star_q RIKFLOW_W_LAMBDA=0 RIKFLOW_W_NH=16 RIKFLOW_W_NZ=0 RIKFLOW_W_OUTSUB=p4grid RIKFLOW_W_PATIENCE=30 RIKFLOW_W_SCORE_TU=52,74 RIKFLOW_W_SEED=3 RIKFLOW_W_SEEDHEAD=1 RIKFLOW_W_STOP_PATIENCE=80 RIKFLOW_W_STOP_WINDOW=20000 RIKFLOW_W_TAG=m3f_h2_l0_wd0.01_nh16_s3 RIKFLOW_W_TRAIN_TU=50 RIKFLOW_W_VAL_EVERY=100 RIKFLOW_W_W=1 RIKFLOW_W_WD=0.01 RIKFLOW_W_WD_EXCLUDE=bd,Araw"
13,m3f,2,0,0.1,16,1,m3f_h2_l0_wd0.1_nh16_s1,p4grid/m3f_h2_l0_wd0.1_nh16_s1,p4grid/m0_50_h2_l0,m4_window_fit,ok,"RIKFLOW_W_ARCH=dense RIKFLOW_W_BATCH=256 RIKFLOW_W_EMISSION=constant RIKFLOW_W_EPOCHS=400 RIKFLOW_W_H=2 RIKFLOW_W_HIST_VAR=q_star_q RIKFLOW_W_LAMBDA=0 RIKFLOW_W_NH=16 RIKFLOW_W_NZ=0 RIKFLOW_W_OUTSUB=p4grid RIKFLOW_W_PATIENCE=30 RIKFLOW_W_SCORE_TU=52,74 RIKFLOW_W_SEED=1 RIKFLOW_W_SEEDHEAD=1 RIKFLOW_W_STOP_PATIENCE=80 RIKFLOW_W_STOP_WINDOW=20000 RIKFLOW_W_TAG=m3f_h2_l0_wd0.1_nh16_s1 RIKFLOW_W_TRAIN_TU=50 RIKFLOW_W_VAL_EVERY=100 RIKFLOW_W_W=1 RIKFLOW_W_WD=0.1 RIKFLOW_W_WD_EXCLUDE=bd,Araw"
14,m3f,2,0,0.1,16,2,m3f_h2_l0_wd0.1_nh16_s2,p4grid/m3f_h2_l0_wd0.1_nh16_s2,p4grid/m0_50_h2_l0,m4_window_fit,ok,"RIKFLOW_W_ARCH=dense RIKFLOW_W_BATCH=256 RIKFLOW_W_EMISSION=constant RIKFLOW_W_EPOCHS=400 RIKFLOW_W_H=2 RIKFLOW_W_HIST_VAR=q_star_q RIKFLOW_W_LAMBDA=0 RIKFLOW_W_NH=16 RIKFLOW_W_NZ=0 RIKFLOW_W_OUTSUB=p4grid RIKFLOW_W_PATIENCE=30 RIKFLOW_W_SCORE_TU=52,74 RIKFLOW_W_SEED=2 RIKFLOW_W_SEEDHEAD=1 RIKFLOW_W_STOP_PATIENCE=80 RIKFLOW_W_STOP_WINDOW=20000 RIKFLOW_W_TAG=m3f_h2_l0_wd0.1_nh16_s2 RIKFLOW_W_TRAIN_TU=50 RIKFLOW_W_VAL_EVERY=100 RIKFLOW_W_W=1 RIKFLOW_W_WD=0.1 RIKFLOW_W_WD_EXCLUDE=bd,Araw"
15,m3f,2,0,0.1,16,3,m3f_h2_l0_wd0.1_nh16_s3,p4grid/m3f_h2_l0_wd0.1_nh16_s3,p4grid/m0_50_h2_l0,m4_window_fit,ok,"RIKFLOW_W_ARCH=dense RIKFLOW_W_BATCH=256 RIKFLOW_W_EMISSION=constant RIKFLOW_W_EPOCHS=400 RIKFLOW_W_H=2 RIKFLOW_W_HIST_VAR=q_star_q RIKFLOW_W_LAMBDA=0 RIKFLOW_W_NH=16 RIKFLOW_W_NZ=0 RIKFLOW_W_OUTSUB=p4grid RIKFLOW_W_PATIENCE=30 RIKFLOW_W_SCORE_TU=52,74 RIKFLOW_W_SEED=3 RIKFLOW_W_SEEDHEAD=1 RIKFLOW_W_STOP_PATIENCE=80 RIKFLOW_W_STOP_WINDOW=20000 RIKFLOW_W_TAG=m3f_h2_l0_wd0.1_nh16_s3 RIKFLOW_W_TRAIN_TU=50 RIKFLOW_W_VAL_EVERY=100 RIKFLOW_W_W=1 RIKFLOW_W_WD=0.1 RIKFLOW_W_WD_EXCLUDE=bd,Araw"
16,m3f,2,1e-05,0.01,16,1,m3f_h2_l1e-05_wd0.01_nh16_s1,p4grid/m3f_h2_l1e-05_wd0.01_nh16_s1,p4grid/m0_50_h2_l1e-05,m4_window_fit,ok,"RIKFLOW_W_ARCH=dense RIKFLOW_W_BATCH=256 RIKFLOW_W_EMISSION=constant RIKFLOW_W_EPOCHS=400 RIKFLOW_W_H=2 RIKFLOW_W_HIST_VAR=q_star_q RIKFLOW_W_LAMBDA=1e-05 RIKFLOW_W_NH=16 RIKFLOW_W_NZ=0 RIKFLOW_W_OUTSUB=p4grid RIKFLOW_W_PATIENCE=30 RIKFLOW_W_SCORE_TU=52,74 RIKFLOW_W_SEED=1 RIKFLOW_W_SEEDHEAD=1 RIKFLOW_W_STOP_PATIENCE=80 RIKFLOW_W_STOP_WINDOW=20000 RIKFLOW_W_TAG=m3f_h2_l1e-05_wd0.01_nh16_s1 RIKFLOW_W_TRAIN_TU=50 RIKFLOW_W_VAL_EVERY=100 RIKFLOW_W_W=1 RIKFLOW_W_WD=0.01 RIKFLOW_W_WD_EXCLUDE=bd,Araw"
17,m3f,2,1e-05,0.01,16,2,m3f_h2_l1e-05_wd0.01_nh16_s2,p4grid/m3f_h2_l1e-05_wd0.01_nh16_s2,p4grid/m0_50_h2_l1e-05,m4_window_fit,ok,"RIKFLOW_W_ARCH=dense RIKFLOW_W_BATCH=256 RIKFLOW_W_EMISSION=constant RIKFLOW_W_EPOCHS=400 RIKFLOW_W_H=2 RIKFLOW_W_HIST_VAR=q_star_q RIKFLOW_W_LAMBDA=1e-05 RIKFLOW_W_NH=16 RIKFLOW_W_NZ=0 RIKFLOW_W_OUTSUB=p4grid RIKFLOW_W_PATIENCE=30 RIKFLOW_W_SCORE_TU=52,74 RIKFLOW_W_SEED=2 RIKFLOW_W_SEEDHEAD=1 RIKFLOW_W_STOP_PATIENCE=80 RIKFLOW_W_STOP_WINDOW=20000 RIKFLOW_W_TAG=m3f_h2_l1e-05_wd0.01_nh16_s2 RIKFLOW_W_TRAIN_TU=50 RIKFLOW_W_VAL_EVERY=100 RIKFLOW_W_W=1 RIKFLOW_W_WD=0.01 RIKFLOW_W_WD_EXCLUDE=bd,Araw"
18,m3f,2,1e-05,0.01,16,3,m3f_h2_l1e-05_wd0.01_nh16_s3,p4grid/m3f_h2_l1e-05_wd0.01_nh16_s3,p4grid/m0_50_h2_l1e-05,m4_window_fit,ok,"RIKFLOW_W_ARCH=dense RIKFLOW_W_BATCH=256 RIKFLOW_W_EMISSION=constant RIKFLOW_W_EPOCHS=400 RIKFLOW_W_H=2 RIKFLOW_W_HIST_VAR=q_star_q RIKFLOW_W_LAMBDA=1e-05 RIKFLOW_W_NH=16 RIKFLOW_W_NZ=0 RIKFLOW_W_OUTSUB=p4grid RIKFLOW_W_PATIENCE=30 RIKFLOW_W_SCORE_TU=52,74 RIKFLOW_W_SEED=3 RIKFLOW_W_SEEDHEAD=1 RIKFLOW_W_STOP_PATIENCE=80 RIKFLOW_W_STOP_WINDOW=20000 RIKFLOW_W_TAG=m3f_h2_l1e-05_wd0.01_nh16_s3 RIKFLOW_W_TRAIN_TU=50 RIKFLOW_W_VAL_EVERY=100 RIKFLOW_W_W=1 RIKFLOW_W_WD=0.01 RIKFLOW_W_WD_EXCLUDE=bd,Araw"
19,m3f,2,1e-05,0.1,16,1,m3f_h2_l1e-05_wd0.1_nh16_s1,p4grid/m3f_h2_l1e-05_wd0.1_nh16_s1,p4grid/m0_50_h2_l1e-05,m4_window_fit,ok,"RIKFLOW_W_ARCH=dense RIKFLOW_W_BATCH=256 RIKFLOW_W_EMISSION=constant RIKFLOW_W_EPOCHS=400 RIKFLOW_W_H=2 RIKFLOW_W_HIST_VAR=q_star_q RIKFLOW_W_LAMBDA=1e-05 RIKFLOW_W_NH=16 RIKFLOW_W_NZ=0 RIKFLOW_W_OUTSUB=p4grid RIKFLOW_W_PATIENCE=30 RIKFLOW_W_SCORE_TU=52,74 RIKFLOW_W_SEED=1 RIKFLOW_W_SEEDHEAD=1 RIKFLOW_W_STOP_PATIENCE=80 RIKFLOW_W_STOP_WINDOW=20000 RIKFLOW_W_TAG=m3f_h2_l1e-05_wd0.1_nh16_s1 RIKFLOW_W_TRAIN_TU=50 RIKFLOW_W_VAL_EVERY=100 RIKFLOW_W_W=1 RIKFLOW_W_WD=0.1 RIKFLOW_W_WD_EXCLUDE=bd,Araw"
20,m3f,2,1e-05,0.1,16,2,m3f_h2_l1e-05_wd0.1_nh16_s2,p4grid/m3f_h2_l1e-05_wd0.1_nh16_s2,p4grid/m0_50_h2_l1e-05,m4_window_fit,ok,"RIKFLOW_W_ARCH=dense RIKFLOW_W_BATCH=256 RIKFLOW_W_EMISSION=constant RIKFLOW_W_EPOCHS=400 RIKFLOW_W_H=2 RIKFLOW_W_HIST_VAR=q_star_q RIKFLOW_W_LAMBDA=1e-05 RIKFLOW_W_NH=16 RIKFLOW_W_NZ=0 RIKFLOW_W_OUTSUB=p4grid RIKFLOW_W_PATIENCE=30 RIKFLOW_W_SCORE_TU=52,74 RIKFLOW_W_SEED=2 RIKFLOW_W_SEEDHEAD=1 RIKFLOW_W_STOP_PATIENCE=80 RIKFLOW_W_STOP_WINDOW=20000 RIKFLOW_W_TAG=m3f_h2_l1e-05_wd0.1_nh16_s2 RIKFLOW_W_TRAIN_TU=50 RIKFLOW_W_VAL_EVERY=100 RIKFLOW_W_W=1 RIKFLOW_W_WD=0.1 RIKFLOW_W_WD_EXCLUDE=bd,Araw"
21,m3f,2,1e-05,0.1,16,3,m3f_h2_l1e-05_wd0.1_nh16_s3,p4grid/m3f_h2_l1e-05_wd0.1_nh16_s3,p4grid/m0_50_h2_l1e-05,m4_window_fit,ok,"RIKFLOW_W_ARCH=dense RIKFLOW_W_BATCH=256 RIKFLOW_W_EMISSION=constant RIKFLOW_W_EPOCHS=400 RIKFLOW_W_H=2 RIKFLOW_W_HIST_VAR=q_star_q RIKFLOW_W_LAMBDA=1e-05 RIKFLOW_W_NH=16 RIKFLOW_W_NZ=0 RIKFLOW_W_OUTSUB=p4grid RIKFLOW_W_PATIENCE=30 RIKFLOW_W_SCORE_TU=52,74 RIKFLOW_W_SEED=3 RIKFLOW_W_SEEDHEAD=1 RIKFLOW_W_STOP_PATIENCE=80 RIKFLOW_W_STOP_WINDOW=20000 RIKFLOW_W_TAG=m3f_h2_l1e-05_wd0.1_nh16_s3 RIKFLOW_W_TRAIN_TU=50 RIKFLOW_W_VAL_EVERY=100 RIKFLOW_W_W=1 RIKFLOW_W_WD=0.1 RIKFLOW_W_WD_EXCLUDE=bd,Araw"
22,m3f,2,0.0001,0.01,16,1,m3f_h2_l0.0001_wd0.01_nh16_s1,p4grid/m3f_h2_l0.0001_wd0.01_nh16_s1,p4grid/m0_50_h2_l0.0001,m4_window_fit,ok,"RIKFLOW_W_ARCH=dense RIKFLOW_W_BATCH=256 RIKFLOW_W_EMISSION=constant RIKFLOW_W_EPOCHS=400 RIKFLOW_W_H=2 RIKFLOW_W_HIST_VAR=q_star_q RIKFLOW_W_LAMBDA=0.0001 RIKFLOW_W_NH=16 RIKFLOW_W_NZ=0 RIKFLOW_W_OUTSUB=p4grid RIKFLOW_W_PATIENCE=30 RIKFLOW_W_SCORE_TU=52,74 RIKFLOW_W_SEED=1 RIKFLOW_W_SEEDHEAD=1 RIKFLOW_W_STOP_PATIENCE=80 RIKFLOW_W_STOP_WINDOW=20000 RIKFLOW_W_TAG=m3f_h2_l0.0001_wd0.01_nh16_s1 RIKFLOW_W_TRAIN_TU=50 RIKFLOW_W_VAL_EVERY=100 RIKFLOW_W_W=1 RIKFLOW_W_WD=0.01 RIKFLOW_W_WD_EXCLUDE=bd,Araw"
23,m3f,2,0.0001,0.01,16,2,m3f_h2_l0.0001_wd0.01_nh16_s2,p4grid/m3f_h2_l0.0001_wd0.01_nh16_s2,p4grid/m0_50_h2_l0.0001,m4_window_fit,ok,"RIKFLOW_W_ARCH=dense RIKFLOW_W_BATCH=256 RIKFLOW_W_EMISSION=constant RIKFLOW_W_EPOCHS=400 RIKFLOW_W_H=2 RIKFLOW_W_HIST_VAR=q_star_q RIKFLOW_W_LAMBDA=0.0001 RIKFLOW_W_NH=16 RIKFLOW_W_NZ=0 RIKFLOW_W_OUTSUB=p4grid RIKFLOW_W_PATIENCE=30 RIKFLOW_W_SCORE_TU=52,74 RIKFLOW_W_SEED=2 RIKFLOW_W_SEEDHEAD=1 RIKFLOW_W_STOP_PATIENCE=80 RIKFLOW_W_STOP_WINDOW=20000 RIKFLOW_W_TAG=m3f_h2_l0.0001_wd0.01_nh16_s2 RIKFLOW_W_TRAIN_TU=50 RIKFLOW_W_VAL_EVERY=100 RIKFLOW_W_W=1 RIKFLOW_W_WD=0.01 RIKFLOW_W_WD_EXCLUDE=bd,Araw"
24,m3f,2,0.0001,0.01,16,3,m3f_h2_l0.0001_wd0.01_nh16_s3,p4grid/m3f_h2_l0.0001_wd0.01_nh16_s3,p4grid/m0_50_h2_l0.0001,m4_window_fit,ok,"RIKFLOW_W_ARCH=dense RIKFLOW_W_BATCH=256 RIKFLOW_W_EMISSION=constant RIKFLOW_W_EPOCHS=400 RIKFLOW_W_H=2 RIKFLOW_W_HIST_VAR=q_star_q RIKFLOW_W_LAMBDA=0.0001 RIKFLOW_W_NH=16 RIKFLOW_W_NZ=0 RIKFLOW_W_OUTSUB=p4grid RIKFLOW_W_PATIENCE=30 RIKFLOW_W_SCORE_TU=52,74 RIKFLOW_W_SEED=3 RIKFLOW_W_SEEDHEAD=1 RIKFLOW_W_STOP_PATIENCE=80 RIKFLOW_W_STOP_WINDOW=20000 RIKFLOW_W_TAG=m3f_h2_l0.0001_wd0.01_nh16_s3 RIKFLOW_W_TRAIN_TU=50 RIKFLOW_W_VAL_EVERY=100 RIKFLOW_W_W=1 RIKFLOW_W_WD=0.01 RIKFLOW_W_WD_EXCLUDE=bd,Araw"
25,m3f,2,0.0001,0.1,16,1,m3f_h2_l0.0001_wd0.1_nh16_s1,p4grid/m3f_h2_l0.0001_wd0.1_nh16_s1,p4grid/m0_50_h2_l0.0001,m4_window_fit,ok,"RIKFLOW_W_ARCH=dense RIKFLOW_W_BATCH=256 RIKFLOW_W_EMISSION=constant RIKFLOW_W_EPOCHS=400 RIKFLOW_W_H=2 RIKFLOW_W_HIST_VAR=q_star_q RIKFLOW_W_LAMBDA=0.0001 RIKFLOW_W_NH=16 RIKFLOW_W_NZ=0 RIKFLOW_W_OUTSUB=p4grid RIKFLOW_W_PATIENCE=30 RIKFLOW_W_SCORE_TU=52,74 RIKFLOW_W_SEED=1 RIKFLOW_W_SEEDHEAD=1 RIKFLOW_W_STOP_PATIENCE=80 RIKFLOW_W_STOP_WINDOW=20000 RIKFLOW_W_TAG=m3f_h2_l0.0001_wd0.1_nh16_s1 RIKFLOW_W_TRAIN_TU=50 RIKFLOW_W_VAL_EVERY=100 RIKFLOW_W_W=1 RIKFLOW_W_WD=0.1 RIKFLOW_W_WD_EXCLUDE=bd,Araw"
26,m3f,2,0.0001,0.1,16,2,m3f_h2_l0.0001_wd0.1_nh16_s2,p4grid/m3f_h2_l0.0001_wd0.1_nh16_s2,p4grid/m0_50_h2_l0.0001,m4_window_fit,ok,"RIKFLOW_W_ARCH=dense RIKFLOW_W_BATCH=256 RIKFLOW_W_EMISSION=constant RIKFLOW_W_EPOCHS=400 RIKFLOW_W_H=2 RIKFLOW_W_HIST_VAR=q_star_q RIKFLOW_W_LAMBDA=0.0001 RIKFLOW_W_NH=16 RIKFLOW_W_NZ=0 RIKFLOW_W_OUTSUB=p4grid RIKFLOW_W_PATIENCE=30 RIKFLOW_W_SCORE_TU=52,74 RIKFLOW_W_SEED=2 RIKFLOW_W_SEEDHEAD=1 RIKFLOW_W_STOP_PATIENCE=80 RIKFLOW_W_STOP_WINDOW=20000 RIKFLOW_W_TAG=m3f_h2_l0.0001_wd0.1_nh16_s2 RIKFLOW_W_TRAIN_TU=50 RIKFLOW_W_VAL_EVERY=100 RIKFLOW_W_W=1 RIKFLOW_W_WD=0.1 RIKFLOW_W_WD_EXCLUDE=bd,Araw"
27,m3f,2,0.0001,0.1,16,3,m3f_h2_l0.0001_wd0.1_nh16_s3,p4grid/m3f_h2_l0.0001_wd0.1_nh16_s3,p4grid/m0_50_h2_l0.0001,m4_window_fit,ok,"RIKFLOW_W_ARCH=dense RIKFLOW_W_BATCH=256 RIKFLOW_W_EMISSION=constant RIKFLOW_W_EPOCHS=400 RIKFLOW_W_H=2 RIKFLOW_W_HIST_VAR=q_star_q RIKFLOW_W_LAMBDA=0.0001 RIKFLOW_W_NH=16 RIKFLOW_W_NZ=0 RIKFLOW_W_OUTSUB=p4grid RIKFLOW_W_PATIENCE=30 RIKFLOW_W_SCORE_TU=52,74 RIKFLOW_W_SEED=3 RIKFLOW_W_SEEDHEAD=1 RIKFLOW_W_STOP_PATIENCE=80 RIKFLOW_W_STOP_WINDOW=20000 RIKFLOW_W_TAG=m3f_h2_l0.0001_wd0.1_nh16_s3 RIKFLOW_W_TRAIN_TU=50 RIKFLOW_W_VAL_EVERY=100 RIKFLOW_W_W=1 RIKFLOW_W_WD=0.1 RIKFLOW_W_WD_EXCLUDE=bd,Araw"
28,m3f,3,0,0.01,16,1,m3f_h3_l0_wd0.01_nh16_s1,p4grid/m3f_h3_l0_wd0.01_nh16_s1,p4grid/m0_50_h3_l0,m4_window_fit,ok,"RIKFLOW_W_ARCH=dense RIKFLOW_W_BATCH=256 RIKFLOW_W_EMISSION=constant RIKFLOW_W_EPOCHS=400 RIKFLOW_W_H=3 RIKFLOW_W_HIST_VAR=q_star_q RIKFLOW_W_LAMBDA=0 RIKFLOW_W_NH=16 RIKFLOW_W_NZ=0 RIKFLOW_W_OUTSUB=p4grid RIKFLOW_W_PATIENCE=30 RIKFLOW_W_SCORE_TU=52,74 RIKFLOW_W_SEED=1 RIKFLOW_W_SEEDHEAD=1 RIKFLOW_W_STOP_PATIENCE=80 RIKFLOW_W_STOP_WINDOW=20000 RIKFLOW_W_TAG=m3f_h3_l0_wd0.01_nh16_s1 RIKFLOW_W_TRAIN_TU=50 RIKFLOW_W_VAL_EVERY=100 RIKFLOW_W_W=1 RIKFLOW_W_WD=0.01 RIKFLOW_W_WD_EXCLUDE=bd,Araw"
29,m3f,3,0,0.01,16,2,m3f_h3_l0_wd0.01_nh16_s2,p4grid/m3f_h3_l0_wd0.01_nh16_s2,p4grid/m0_50_h3_l0,m4_window_fit,ok,"RIKFLOW_W_ARCH=dense RIKFLOW_W_BATCH=256 RIKFLOW_W_EMISSION=constant RIKFLOW_W_EPOCHS=400 RIKFLOW_W_H=3 RIKFLOW_W_HIST_VAR=q_star_q RIKFLOW_W_LAMBDA=0 RIKFLOW_W_NH=16 RIKFLOW_W_NZ=0 RIKFLOW_W_OUTSUB=p4grid RIKFLOW_W_PATIENCE=30 RIKFLOW_W_SCORE_TU=52,74 RIKFLOW_W_SEED=2 RIKFLOW_W_SEEDHEAD=1 RIKFLOW_W_STOP_PATIENCE=80 RIKFLOW_W_STOP_WINDOW=20000 RIKFLOW_W_TAG=m3f_h3_l0_wd0.01_nh16_s2 RIKFLOW_W_TRAIN_TU=50 RIKFLOW_W_VAL_EVERY=100 RIKFLOW_W_W=1 RIKFLOW_W_WD=0.01 RIKFLOW_W_WD_EXCLUDE=bd,Araw"
30,m3f,3,0,0.01,16,3,m3f_h3_l0_wd0.01_nh16_s3,p4grid/m3f_h3_l0_wd0.01_nh16_s3,p4grid/m0_50_h3_l0,m4_window_fit,ok,"RIKFLOW_W_ARCH=dense RIKFLOW_W_BATCH=256 RIKFLOW_W_EMISSION=constant RIKFLOW_W_EPOCHS=400 RIKFLOW_W_H=3 RIKFLOW_W_HIST_VAR=q_star_q RIKFLOW_W_LAMBDA=0 RIKFLOW_W_NH=16 RIKFLOW_W_NZ=0 RIKFLOW_W_OUTSUB=p4grid RIKFLOW_W_PATIENCE=30 RIKFLOW_W_SCORE_TU=52,74 RIKFLOW_W_SEED=3 RIKFLOW_W_SEEDHEAD=1 RIKFLOW_W_STOP_PATIENCE=80 RIKFLOW_W_STOP_WINDOW=20000 RIKFLOW_W_TAG=m3f_h3_l0_wd0.01_nh16_s3 RIKFLOW_W_TRAIN_TU=50 RIKFLOW_W_VAL_EVERY=100 RIKFLOW_W_W=1 RIKFLOW_W_WD=0.01 RIKFLOW_W_WD_EXCLUDE=bd,Araw"
31,m3f,3,0,0.1,16,1,m3f_h3_l0_wd0.1_nh16_s1,p4grid/m3f_h3_l0_wd0.1_nh16_s1,p4grid/m0_50_h3_l0,m4_window_fit,ok,"RIKFLOW_W_ARCH=dense RIKFLOW_W_BATCH=256 RIKFLOW_W_EMISSION=constant RIKFLOW_W_EPOCHS=400 RIKFLOW_W_H=3 RIKFLOW_W_HIST_VAR=q_star_q RIKFLOW_W_LAMBDA=0 RIKFLOW_W_NH=16 RIKFLOW_W_NZ=0 RIKFLOW_W_OUTSUB=p4grid RIKFLOW_W_PATIENCE=30 RIKFLOW_W_SCORE_TU=52,74 RIKFLOW_W_SEED=1 RIKFLOW_W_SEEDHEAD=1 RIKFLOW_W_STOP_PATIENCE=80 RIKFLOW_W_STOP_WINDOW=20000 RIKFLOW_W_TAG=m3f_h3_l0_wd0.1_nh16_s1 RIKFLOW_W_TRAIN_TU=50 RIKFLOW_W_VAL_EVERY=100 RIKFLOW_W_W=1 RIKFLOW_W_WD=0.1 RIKFLOW_W_WD_EXCLUDE=bd,Araw"
32,m3f,3,0,0.1,16,2,m3f_h3_l0_wd0.1_nh16_s2,p4grid/m3f_h3_l0_wd0.1_nh16_s2,p4grid/m0_50_h3_l0,m4_window_fit,ok,"RIKFLOW_W_ARCH=dense RIKFLOW_W_BATCH=256 RIKFLOW_W_EMISSION=constant RIKFLOW_W_EPOCHS=400 RIKFLOW_W_H=3 RIKFLOW_W_HIST_VAR=q_star_q RIKFLOW_W_LAMBDA=0 RIKFLOW_W_NH=16 RIKFLOW_W_NZ=0 RIKFLOW_W_OUTSUB=p4grid RIKFLOW_W_PATIENCE=30 RIKFLOW_W_SCORE_TU=52,74 RIKFLOW_W_SEED=2 RIKFLOW_W_SEEDHEAD=1 RIKFLOW_W_STOP_PATIENCE=80 RIKFLOW_W_STOP_WINDOW=20000 RIKFLOW_W_TAG=m3f_h3_l0_wd0.1_nh16_s2 RIKFLOW_W_TRAIN_TU=50 RIKFLOW_W_VAL_EVERY=100 RIKFLOW_W_W=1 RIKFLOW_W_WD=0.1 RIKFLOW_W_WD_EXCLUDE=bd,Araw"
33,m3f,3,0,0.1,16,3,m3f_h3_l0_wd0.1_nh16_s3,p4grid/m3f_h3_l0_wd0.1_nh16_s3,p4grid/m0_50_h3_l0,m4_window_fit,ok,"RIKFLOW_W_ARCH=dense RIKFLOW_W_BATCH=256 RIKFLOW_W_EMISSION=constant RIKFLOW_W_EPOCHS=400 RIKFLOW_W_H=3 RIKFLOW_W_HIST_VAR=q_star_q RIKFLOW_W_LAMBDA=0 RIKFLOW_W_NH=16 RIKFLOW_W_NZ=0 RIKFLOW_W_OUTSUB=p4grid RIKFLOW_W_PATIENCE=30 RIKFLOW_W_SCORE_TU=52,74 RIKFLOW_W_SEED=3 RIKFLOW_W_SEEDHEAD=1 RIKFLOW_W_STOP_PATIENCE=80 RIKFLOW_W_STOP_WINDOW=20000 RIKFLOW_W_TAG=m3f_h3_l0_wd0.1_nh16_s3 RIKFLOW_W_TRAIN_TU=50 RIKFLOW_W_VAL_EVERY=100 RIKFLOW_W_W=1 RIKFLOW_W_WD=0.1 RIKFLOW_W_WD_EXCLUDE=bd,Araw"
34,m3f,3,1e-05,0.01,16,1,m3f_h3_l1e-05_wd0.01_nh16_s1,p4grid/m3f_h3_l1e-05_wd0.01_nh16_s1,p4grid/m0_50_h3_l1e-05,m4_window_fit,ok,"RIKFLOW_W_ARCH=dense RIKFLOW_W_BATCH=256 RIKFLOW_W_EMISSION=constant RIKFLOW_W_EPOCHS=400 RIKFLOW_W_H=3 RIKFLOW_W_HIST_VAR=q_star_q RIKFLOW_W_LAMBDA=1e-05 RIKFLOW_W_NH=16 RIKFLOW_W_NZ=0 RIKFLOW_W_OUTSUB=p4grid RIKFLOW_W_PATIENCE=30 RIKFLOW_W_SCORE_TU=52,74 RIKFLOW_W_SEED=1 RIKFLOW_W_SEEDHEAD=1 RIKFLOW_W_STOP_PATIENCE=80 RIKFLOW_W_STOP_WINDOW=20000 RIKFLOW_W_TAG=m3f_h3_l1e-05_wd0.01_nh16_s1 RIKFLOW_W_TRAIN_TU=50 RIKFLOW_W_VAL_EVERY=100 RIKFLOW_W_W=1 RIKFLOW_W_WD=0.01 RIKFLOW_W_WD_EXCLUDE=bd,Araw"
35,m3f,3,1e-05,0.01,16,2,m3f_h3_l1e-05_wd0.01_nh16_s2,p4grid/m3f_h3_l1e-05_wd0.01_nh16_s2,p4grid/m0_50_h3_l1e-05,m4_window_fit,ok,"RIKFLOW_W_ARCH=dense RIKFLOW_W_BATCH=256 RIKFLOW_W_EMISSION=constant RIKFLOW_W_EPOCHS=400 RIKFLOW_W_H=3 RIKFLOW_W_HIST_VAR=q_star_q RIKFLOW_W_LAMBDA=1e-05 RIKFLOW_W_NH=16 RIKFLOW_W_NZ=0 RIKFLOW_W_OUTSUB=p4grid RIKFLOW_W_PATIENCE=30 RIKFLOW_W_SCORE_TU=52,74 RIKFLOW_W_SEED=2 RIKFLOW_W_SEEDHEAD=1 RIKFLOW_W_STOP_PATIENCE=80 RIKFLOW_W_STOP_WINDOW=20000 RIKFLOW_W_TAG=m3f_h3_l1e-05_wd0.01_nh16_s2 RIKFLOW_W_TRAIN_TU=50 RIKFLOW_W_VAL_EVERY=100 RIKFLOW_W_W=1 RIKFLOW_W_WD=0.01 RIKFLOW_W_WD_EXCLUDE=bd,Araw"
36,m3f,3,1e-05,0.01,16,3,m3f_h3_l1e-05_wd0.01_nh16_s3,p4grid/m3f_h3_l1e-05_wd0.01_nh16_s3,p4grid/m0_50_h3_l1e-05,m4_window_fit,ok,"RIKFLOW_W_ARCH=dense RIKFLOW_W_BATCH=256 RIKFLOW_W_EMISSION=constant RIKFLOW_W_EPOCHS=400 RIKFLOW_W_H=3 RIKFLOW_W_HIST_VAR=q_star_q RIKFLOW_W_LAMBDA=1e-05 RIKFLOW_W_NH=16 RIKFLOW_W_NZ=0 RIKFLOW_W_OUTSUB=p4grid RIKFLOW_W_PATIENCE=30 RIKFLOW_W_SCORE_TU=52,74 RIKFLOW_W_SEED=3 RIKFLOW_W_SEEDHEAD=1 RIKFLOW_W_STOP_PATIENCE=80 RIKFLOW_W_STOP_WINDOW=20000 RIKFLOW_W_TAG=m3f_h3_l1e-05_wd0.01_nh16_s3 RIKFLOW_W_TRAIN_TU=50 RIKFLOW_W_VAL_EVERY=100 RIKFLOW_W_W=1 RIKFLOW_W_WD=0.01 RIKFLOW_W_WD_EXCLUDE=bd,Araw"
37,m3f,3,1e-05,0.1,16,1,m3f_h3_l1e-05_wd0.1_nh16_s1,p4grid/m3f_h3_l1e-05_wd0.1_nh16_s1,p4grid/m0_50_h3_l1e-05,m4_window_fit,ok,"RIKFLOW_W_ARCH=dense RIKFLOW_W_BATCH=256 RIKFLOW_W_EMISSION=constant RIKFLOW_W_EPOCHS=400 RIKFLOW_W_H=3 RIKFLOW_W_HIST_VAR=q_star_q RIKFLOW_W_LAMBDA=1e-05 RIKFLOW_W_NH=16 RIKFLOW_W_NZ=0 RIKFLOW_W_OUTSUB=p4grid RIKFLOW_W_PATIENCE=30 RIKFLOW_W_SCORE_TU=52,74 RIKFLOW_W_SEED=1 RIKFLOW_W_SEEDHEAD=1 RIKFLOW_W_STOP_PATIENCE=80 RIKFLOW_W_STOP_WINDOW=20000 RIKFLOW_W_TAG=m3f_h3_l1e-05_wd0.1_nh16_s1 RIKFLOW_W_TRAIN_TU=50 RIKFLOW_W_VAL_EVERY=100 RIKFLOW_W_W=1 RIKFLOW_W_WD=0.1 RIKFLOW_W_WD_EXCLUDE=bd,Araw"
38,m3f,3,1e-05,0.1,16,2,m3f_h3_l1e-05_wd0.1_nh16_s2,p4grid/m3f_h3_l1e-05_wd0.1_nh16_s2,p4grid/m0_50_h3_l1e-05,m4_window_fit,ok,"RIKFLOW_W_ARCH=dense RIKFLOW_W_BATCH=256 RIKFLOW_W_EMISSION=constant RIKFLOW_W_EPOCHS=400 RIKFLOW_W_H=3 RIKFLOW_W_HIST_VAR=q_star_q RIKFLOW_W_LAMBDA=1e-05 RIKFLOW_W_NH=16 RIKFLOW_W_NZ=0 RIKFLOW_W_OUTSUB=p4grid RIKFLOW_W_PATIENCE=30 RIKFLOW_W_SCORE_TU=52,74 RIKFLOW_W_SEED=2 RIKFLOW_W_SEEDHEAD=1 RIKFLOW_W_STOP_PATIENCE=80 RIKFLOW_W_STOP_WINDOW=20000 RIKFLOW_W_TAG=m3f_h3_l1e-05_wd0.1_nh16_s2 RIKFLOW_W_TRAIN_TU=50 RIKFLOW_W_VAL_EVERY=100 RIKFLOW_W_W=1 RIKFLOW_W_WD=0.1 RIKFLOW_W_WD_EXCLUDE=bd,Araw"
39,m3f,3,1e-05,0.1,16,3,m3f_h3_l1e-05_wd0.1_nh16_s3,p4grid/m3f_h3_l1e-05_wd0.1_nh16_s3,p4grid/m0_50_h3_l1e-05,m4_window_fit,ok,"RIKFLOW_W_ARCH=dense RIKFLOW_W_BATCH=256 RIKFLOW_W_EMISSION=constant RIKFLOW_W_EPOCHS=400 RIKFLOW_W_H=3 RIKFLOW_W_HIST_VAR=q_star_q RIKFLOW_W_LAMBDA=1e-05 RIKFLOW_W_NH=16 RIKFLOW_W_NZ=0 RIKFLOW_W_OUTSUB=p4grid RIKFLOW_W_PATIENCE=30 RIKFLOW_W_SCORE_TU=52,74 RIKFLOW_W_SEED=3 RIKFLOW_W_SEEDHEAD=1 RIKFLOW_W_STOP_PATIENCE=80 RIKFLOW_W_STOP_WINDOW=20000 RIKFLOW_W_TAG=m3f_h3_l1e-05_wd0.1_nh16_s3 RIKFLOW_W_TRAIN_TU=50 RIKFLOW_W_VAL_EVERY=100 RIKFLOW_W_W=1 RIKFLOW_W_WD=0.1 RIKFLOW_W_WD_EXCLUDE=bd,Araw"
40,m3f,3,0.0001,0.01,16,1,m3f_h3_l0.0001_wd0.01_nh16_s1,p4grid/m3f_h3_l0.0001_wd0.01_nh16_s1,p4grid/m0_50_h3_l0.0001,m4_window_fit,ok,"RIKFLOW_W_ARCH=dense RIKFLOW_W_BATCH=256 RIKFLOW_W_EMISSION=constant RIKFLOW_W_EPOCHS=400 RIKFLOW_W_H=3 RIKFLOW_W_HIST_VAR=q_star_q RIKFLOW_W_LAMBDA=0.0001 RIKFLOW_W_NH=16 RIKFLOW_W_NZ=0 RIKFLOW_W_OUTSUB=p4grid RIKFLOW_W_PATIENCE=30 RIKFLOW_W_SCORE_TU=52,74 RIKFLOW_W_SEED=1 RIKFLOW_W_SEEDHEAD=1 RIKFLOW_W_STOP_PATIENCE=80 RIKFLOW_W_STOP_WINDOW=20000 RIKFLOW_W_TAG=m3f_h3_l0.0001_wd0.01_nh16_s1 RIKFLOW_W_TRAIN_TU=50 RIKFLOW_W_VAL_EVERY=100 RIKFLOW_W_W=1 RIKFLOW_W_WD=0.01 RIKFLOW_W_WD_EXCLUDE=bd,Araw"
41,m3f,3,0.0001,0.01,16,2,m3f_h3_l0.0001_wd0.01_nh16_s2,p4grid/m3f_h3_l0.0001_wd0.01_nh16_s2,p4grid/m0_50_h3_l0.0001,m4_window_fit,ok,"RIKFLOW_W_ARCH=dense RIKFLOW_W_BATCH=256 RIKFLOW_W_EMISSION=constant RIKFLOW_W_EPOCHS=400 RIKFLOW_W_H=3 RIKFLOW_W_HIST_VAR=q_star_q RIKFLOW_W_LAMBDA=0.0001 RIKFLOW_W_NH=16 RIKFLOW_W_NZ=0 RIKFLOW_W_OUTSUB=p4grid RIKFLOW_W_PATIENCE=30 RIKFLOW_W_SCORE_TU=52,74 RIKFLOW_W_SEED=2 RIKFLOW_W_SEEDHEAD=1 RIKFLOW_W_STOP_PATIENCE=80 RIKFLOW_W_STOP_WINDOW=20000 RIKFLOW_W_TAG=m3f_h3_l0.0001_wd0.01_nh16_s2 RIKFLOW_W_TRAIN_TU=50 RIKFLOW_W_VAL_EVERY=100 RIKFLOW_W_W=1 RIKFLOW_W_WD=0.01 RIKFLOW_W_WD_EXCLUDE=bd,Araw"
42,m3f,3,0.0001,0.01,16,3,m3f_h3_l0.0001_wd0.01_nh16_s3,p4grid/m3f_h3_l0.0001_wd0.01_nh16_s3,p4grid/m0_50_h3_l0.0001,m4_window_fit,ok,"RIKFLOW_W_ARCH=dense RIKFLOW_W_BATCH=256 RIKFLOW_W_EMISSION=constant RIKFLOW_W_EPOCHS=400 RIKFLOW_W_H=3 RIKFLOW_W_HIST_VAR=q_star_q RIKFLOW_W_LAMBDA=0.0001 RIKFLOW_W_NH=16 RIKFLOW_W_NZ=0 RIKFLOW_W_OUTSUB=p4grid RIKFLOW_W_PATIENCE=30 RIKFLOW_W_SCORE_TU=52,74 RIKFLOW_W_SEED=3 RIKFLOW_W_SEEDHEAD=1 RIKFLOW_W_STOP_PATIENCE=80 RIKFLOW_W_STOP_WINDOW=20000 RIKFLOW_W_TAG=m3f_h3_l0.0001_wd0.01_nh16_s3 RIKFLOW_W_TRAIN_TU=50 RIKFLOW_W_VAL_EVERY=100 RIKFLOW_W_W=1 RIKFLOW_W_WD=0.01 RIKFLOW_W_WD_EXCLUDE=bd,Araw"
43,m3f,3,0.0001,0.1,16,1,m3f_h3_l0.0001_wd0.1_nh16_s1,p4grid/m3f_h3_l0.0001_wd0.1_nh16_s1,p4grid/m0_50_h3_l0.0001,m4_window_fit,ok,"RIKFLOW_W_ARCH=dense RIKFLOW_W_BATCH=256 RIKFLOW_W_EMISSION=constant RIKFLOW_W_EPOCHS=400 RIKFLOW_W_H=3 RIKFLOW_W_HIST_VAR=q_star_q RIKFLOW_W_LAMBDA=0.0001 RIKFLOW_W_NH=16 RIKFLOW_W_NZ=0 RIKFLOW_W_OUTSUB=p4grid RIKFLOW_W_PATIENCE=30 RIKFLOW_W_SCORE_TU=52,74 RIKFLOW_W_SEED=1 RIKFLOW_W_SEEDHEAD=1 RIKFLOW_W_STOP_PATIENCE=80 RIKFLOW_W_STOP_WINDOW=20000 RIKFLOW_W_TAG=m3f_h3_l0.0001_wd0.1_nh16_s1 RIKFLOW_W_TRAIN_TU=50 RIKFLOW_W_VAL_EVERY=100 RIKFLOW_W_W=1 RIKFLOW_W_WD=0.1 RIKFLOW_W_WD_EXCLUDE=bd,Araw"
44,m3f,3,0.0001,0.1,16,2,m3f_h3_l0.0001_wd0.1_nh16_s2,p4grid/m3f_h3_l0.0001_wd0.1_nh16_s2,p4grid/m0_50_h3_l0.0001,m4_window_fit,ok,"RIKFLOW_W_ARCH=dense RIKFLOW_W_BATCH=256 RIKFLOW_W_EMISSION=constant RIKFLOW_W_EPOCHS=400 RIKFLOW_W_H=3 RIKFLOW_W_HIST_VAR=q_star_q RIKFLOW_W_LAMBDA=0.0001 RIKFLOW_W_NH=16 RIKFLOW_W_NZ=0 RIKFLOW_W_OUTSUB=p4grid RIKFLOW_W_PATIENCE=30 RIKFLOW_W_SCORE_TU=52,74 RIKFLOW_W_SEED=2 RIKFLOW_W_SEEDHEAD=1 RIKFLOW_W_STOP_PATIENCE=80 RIKFLOW_W_STOP_WINDOW=20000 RIKFLOW_W_TAG=m3f_h3_l0.0001_wd0.1_nh16_s2 RIKFLOW_W_TRAIN_TU=50 RIKFLOW_W_VAL_EVERY=100 RIKFLOW_W_W=1 RIKFLOW_W_WD=0.1 RIKFLOW_W_WD_EXCLUDE=bd,Araw"
45,m3f,3,0.0001,0.1,16,3,m3f_h3_l0.0001_wd0.1_nh16_s3,p4grid/m3f_h3_l0.0001_wd0.1_nh16_s3,p4grid/m0_50_h3_l0.0001,m4_window_fit,ok,"RIKFLOW_W_ARCH=dense RIKFLOW_W_BATCH=256 RIKFLOW_W_EMISSION=constant RIKFLOW_W_EPOCHS=400 RIKFLOW_W_H=3 RIKFLOW_W_HIST_VAR=q_star_q RIKFLOW_W_LAMBDA=0.0001 RIKFLOW_W_NH=16 RIKFLOW_W_NZ=0 RIKFLOW_W_OUTSUB=p4grid RIKFLOW_W_PATIENCE=30 RIKFLOW_W_SCORE_TU=52,74 RIKFLOW_W_SEED=3 RIKFLOW_W_SEEDHEAD=1 RIKFLOW_W_STOP_PATIENCE=80 RIKFLOW_W_STOP_WINDOW=20000 RIKFLOW_W_TAG=m3f_h3_l0.0001_wd0.1_nh16_s3 RIKFLOW_W_TRAIN_TU=50 RIKFLOW_W_VAL_EVERY=100 RIKFLOW_W_W=1 RIKFLOW_W_WD=0.1 RIKFLOW_W_WD_EXCLUDE=bd,Araw"
46,m3f,5,0,0.01,16,1,m3f_h5_l0_wd0.01_nh16_s1,p4grid/m3f_h5_l0_wd0.01_nh16_s1,p4grid/m0_50_h5_l0,m4_window_fit,ok,"RIKFLOW_W_ARCH=dense RIKFLOW_W_BATCH=256 RIKFLOW_W_EMISSION=constant RIKFLOW_W_EPOCHS=400 RIKFLOW_W_H=5 RIKFLOW_W_HIST_VAR=q_star_q RIKFLOW_W_LAMBDA=0 RIKFLOW_W_NH=16 RIKFLOW_W_NZ=0 RIKFLOW_W_OUTSUB=p4grid RIKFLOW_W_PATIENCE=30 RIKFLOW_W_SCORE_TU=52,74 RIKFLOW_W_SEED=1 RIKFLOW_W_SEEDHEAD=1 RIKFLOW_W_STOP_PATIENCE=80 RIKFLOW_W_STOP_WINDOW=20000 RIKFLOW_W_TAG=m3f_h5_l0_wd0.01_nh16_s1 RIKFLOW_W_TRAIN_TU=50 RIKFLOW_W_VAL_EVERY=100 RIKFLOW_W_W=1 RIKFLOW_W_WD=0.01 RIKFLOW_W_WD_EXCLUDE=bd,Araw"
47,m3f,5,0,0.01,16,2,m3f_h5_l0_wd0.01_nh16_s2,p4grid/m3f_h5_l0_wd0.01_nh16_s2,p4grid/m0_50_h5_l0,m4_window_fit,ok,"RIKFLOW_W_ARCH=dense RIKFLOW_W_BATCH=256 RIKFLOW_W_EMISSION=constant RIKFLOW_W_EPOCHS=400 RIKFLOW_W_H=5 RIKFLOW_W_HIST_VAR=q_star_q RIKFLOW_W_LAMBDA=0 RIKFLOW_W_NH=16 RIKFLOW_W_NZ=0 RIKFLOW_W_OUTSUB=p4grid RIKFLOW_W_PATIENCE=30 RIKFLOW_W_SCORE_TU=52,74 RIKFLOW_W_SEED=2 RIKFLOW_W_SEEDHEAD=1 RIKFLOW_W_STOP_PATIENCE=80 RIKFLOW_W_STOP_WINDOW=20000 RIKFLOW_W_TAG=m3f_h5_l0_wd0.01_nh16_s2 RIKFLOW_W_TRAIN_TU=50 RIKFLOW_W_VAL_EVERY=100 RIKFLOW_W_W=1 RIKFLOW_W_WD=0.01 RIKFLOW_W_WD_EXCLUDE=bd,Araw"
48,m3f,5,0,0.01,16,3,m3f_h5_l0_wd0.01_nh16_s3,p4grid/m3f_h5_l0_wd0.01_nh16_s3,p4grid/m0_50_h5_l0,m4_window_fit,ok,"RIKFLOW_W_ARCH=dense RIKFLOW_W_BATCH=256 RIKFLOW_W_EMISSION=constant RIKFLOW_W_EPOCHS=400 RIKFLOW_W_H=5 RIKFLOW_W_HIST_VAR=q_star_q RIKFLOW_W_LAMBDA=0 RIKFLOW_W_NH=16 RIKFLOW_W_NZ=0 RIKFLOW_W_OUTSUB=p4grid RIKFLOW_W_PATIENCE=30 RIKFLOW_W_SCORE_TU=52,74 RIKFLOW_W_SEED=3 RIKFLOW_W_SEEDHEAD=1 RIKFLOW_W_STOP_PATIENCE=80 RIKFLOW_W_STOP_WINDOW=20000 RIKFLOW_W_TAG=m3f_h5_l0_wd0.01_nh16_s3 RIKFLOW_W_TRAIN_TU=50 RIKFLOW_W_VAL_EVERY=100 RIKFLOW_W_W=1 RIKFLOW_W_WD=0.01 RIKFLOW_W_WD_EXCLUDE=bd,Araw"
49,m3f,5,0,0.1,16,1,m3f_h5_l0_wd0.1_nh16_s1,p4grid/m3f_h5_l0_wd0.1_nh16_s1,p4grid/m0_50_h5_l0,m4_window_fit,ok,"RIKFLOW_W_ARCH=dense RIKFLOW_W_BATCH=256 RIKFLOW_W_EMISSION=constant RIKFLOW_W_EPOCHS=400 RIKFLOW_W_H=5 RIKFLOW_W_HIST_VAR=q_star_q RIKFLOW_W_LAMBDA=0 RIKFLOW_W_NH=16 RIKFLOW_W_NZ=0 RIKFLOW_W_OUTSUB=p4grid RIKFLOW_W_PATIENCE=30 RIKFLOW_W_SCORE_TU=52,74 RIKFLOW_W_SEED=1 RIKFLOW_W_SEEDHEAD=1 RIKFLOW_W_STOP_PATIENCE=80 RIKFLOW_W_STOP_WINDOW=20000 RIKFLOW_W_TAG=m3f_h5_l0_wd0.1_nh16_s1 RIKFLOW_W_TRAIN_TU=50 RIKFLOW_W_VAL_EVERY=100 RIKFLOW_W_W=1 RIKFLOW_W_WD=0.1 RIKFLOW_W_WD_EXCLUDE=bd,Araw"
50,m3f,5,0,0.1,16,2,m3f_h5_l0_wd0.1_nh16_s2,p4grid/m3f_h5_l0_wd0.1_nh16_s2,p4grid/m0_50_h5_l0,m4_window_fit,ok,"RIKFLOW_W_ARCH=dense RIKFLOW_W_BATCH=256 RIKFLOW_W_EMISSION=constant RIKFLOW_W_EPOCHS=400 RIKFLOW_W_H=5 RIKFLOW_W_HIST_VAR=q_star_q RIKFLOW_W_LAMBDA=0 RIKFLOW_W_NH=16 RIKFLOW_W_NZ=0 RIKFLOW_W_OUTSUB=p4grid RIKFLOW_W_PATIENCE=30 RIKFLOW_W_SCORE_TU=52,74 RIKFLOW_W_SEED=2 RIKFLOW_W_SEEDHEAD=1 RIKFLOW_W_STOP_PATIENCE=80 RIKFLOW_W_STOP_WINDOW=20000 RIKFLOW_W_TAG=m3f_h5_l0_wd0.1_nh16_s2 RIKFLOW_W_TRAIN_TU=50 RIKFLOW_W_VAL_EVERY=100 RIKFLOW_W_W=1 RIKFLOW_W_WD=0.1 RIKFLOW_W_WD_EXCLUDE=bd,Araw"
51,m3f,5,0,0.1,16,3,m3f_h5_l0_wd0.1_nh16_s3,p4grid/m3f_h5_l0_wd0.1_nh16_s3,p4grid/m0_50_h5_l0,m4_window_fit,ok,"RIKFLOW_W_ARCH=dense RIKFLOW_W_BATCH=256 RIKFLOW_W_EMISSION=constant RIKFLOW_W_EPOCHS=400 RIKFLOW_W_H=5 RIKFLOW_W_HIST_VAR=q_star_q RIKFLOW_W_LAMBDA=0 RIKFLOW_W_NH=16 RIKFLOW_W_NZ=0 RIKFLOW_W_OUTSUB=p4grid RIKFLOW_W_PATIENCE=30 RIKFLOW_W_SCORE_TU=52,74 RIKFLOW_W_SEED=3 RIKFLOW_W_SEEDHEAD=1 RIKFLOW_W_STOP_PATIENCE=80 RIKFLOW_W_STOP_WINDOW=20000 RIKFLOW_W_TAG=m3f_h5_l0_wd0.1_nh16_s3 RIKFLOW_W_TRAIN_TU=50 RIKFLOW_W_VAL_EVERY=100 RIKFLOW_W_W=1 RIKFLOW_W_WD=0.1 RIKFLOW_W_WD_EXCLUDE=bd,Araw"
52,m3f,5,1e-05,0.01,16,1,m3f_h5_l1e-05_wd0.01_nh16_s1,p4grid/m3f_h5_l1e-05_wd0.01_nh16_s1,p4grid/m0_50_h5_l1e-05,m4_window_fit,ok,"RIKFLOW_W_ARCH=dense RIKFLOW_W_BATCH=256 RIKFLOW_W_EMISSION=constant RIKFLOW_W_EPOCHS=400 RIKFLOW_W_H=5 RIKFLOW_W_HIST_VAR=q_star_q RIKFLOW_W_LAMBDA=1e-05 RIKFLOW_W_NH=16 RIKFLOW_W_NZ=0 RIKFLOW_W_OUTSUB=p4grid RIKFLOW_W_PATIENCE=30 RIKFLOW_W_SCORE_TU=52,74 RIKFLOW_W_SEED=1 RIKFLOW_W_SEEDHEAD=1 RIKFLOW_W_STOP_PATIENCE=80 RIKFLOW_W_STOP_WINDOW=20000 RIKFLOW_W_TAG=m3f_h5_l1e-05_wd0.01_nh16_s1 RIKFLOW_W_TRAIN_TU=50 RIKFLOW_W_VAL_EVERY=100 RIKFLOW_W_W=1 RIKFLOW_W_WD=0.01 RIKFLOW_W_WD_EXCLUDE=bd,Araw"
53,m3f,5,1e-05,0.01,16,2,m3f_h5_l1e-05_wd0.01_nh16_s2,p4grid/m3f_h5_l1e-05_wd0.01_nh16_s2,p4grid/m0_50_h5_l1e-05,m4_window_fit,ok,"RIKFLOW_W_ARCH=dense RIKFLOW_W_BATCH=256 RIKFLOW_W_EMISSION=constant RIKFLOW_W_EPOCHS=400 RIKFLOW_W_H=5 RIKFLOW_W_HIST_VAR=q_star_q RIKFLOW_W_LAMBDA=1e-05 RIKFLOW_W_NH=16 RIKFLOW_W_NZ=0 RIKFLOW_W_OUTSUB=p4grid RIKFLOW_W_PATIENCE=30 RIKFLOW_W_SCORE_TU=52,74 RIKFLOW_W_SEED=2 RIKFLOW_W_SEEDHEAD=1 RIKFLOW_W_STOP_PATIENCE=80 RIKFLOW_W_STOP_WINDOW=20000 RIKFLOW_W_TAG=m3f_h5_l1e-05_wd0.01_nh16_s2 RIKFLOW_W_TRAIN_TU=50 RIKFLOW_W_VAL_EVERY=100 RIKFLOW_W_W=1 RIKFLOW_W_WD=0.01 RIKFLOW_W_WD_EXCLUDE=bd,Araw"
54,m3f,5,1e-05,0.01,16,3,m3f_h5_l1e-05_wd0.01_nh16_s3,p4grid/m3f_h5_l1e-05_wd0.01_nh16_s3,p4grid/m0_50_h5_l1e-05,m4_window_fit,ok,"RIKFLOW_W_ARCH=dense RIKFLOW_W_BATCH=256 RIKFLOW_W_EMISSION=constant RIKFLOW_W_EPOCHS=400 RIKFLOW_W_H=5 RIKFLOW_W_HIST_VAR=q_star_q RIKFLOW_W_LAMBDA=1e-05 RIKFLOW_W_NH=16 RIKFLOW_W_NZ=0 RIKFLOW_W_OUTSUB=p4grid RIKFLOW_W_PATIENCE=30 RIKFLOW_W_SCORE_TU=52,74 RIKFLOW_W_SEED=3 RIKFLOW_W_SEEDHEAD=1 RIKFLOW_W_STOP_PATIENCE=80 RIKFLOW_W_STOP_WINDOW=20000 RIKFLOW_W_TAG=m3f_h5_l1e-05_wd0.01_nh16_s3 RIKFLOW_W_TRAIN_TU=50 RIKFLOW_W_VAL_EVERY=100 RIKFLOW_W_W=1 RIKFLOW_W_WD=0.01 RIKFLOW_W_WD_EXCLUDE=bd,Araw"
55,m3f,5,1e-05,0.1,16,1,m3f_h5_l1e-05_wd0.1_nh16_s1,p4grid/m3f_h5_l1e-05_wd0.1_nh16_s1,p4grid/m0_50_h5_l1e-05,m4_window_fit,ok,"RIKFLOW_W_ARCH=dense RIKFLOW_W_BATCH=256 RIKFLOW_W_EMISSION=constant RIKFLOW_W_EPOCHS=400 RIKFLOW_W_H=5 RIKFLOW_W_HIST_VAR=q_star_q RIKFLOW_W_LAMBDA=1e-05 RIKFLOW_W_NH=16 RIKFLOW_W_NZ=0 RIKFLOW_W_OUTSUB=p4grid RIKFLOW_W_PATIENCE=30 RIKFLOW_W_SCORE_TU=52,74 RIKFLOW_W_SEED=1 RIKFLOW_W_SEEDHEAD=1 RIKFLOW_W_STOP_PATIENCE=80 RIKFLOW_W_STOP_WINDOW=20000 RIKFLOW_W_TAG=m3f_h5_l1e-05_wd0.1_nh16_s1 RIKFLOW_W_TRAIN_TU=50 RIKFLOW_W_VAL_EVERY=100 RIKFLOW_W_W=1 RIKFLOW_W_WD=0.1 RIKFLOW_W_WD_EXCLUDE=bd,Araw"
56,m3f,5,1e-05,0.1,16,2,m3f_h5_l1e-05_wd0.1_nh16_s2,p4grid/m3f_h5_l1e-05_wd0.1_nh16_s2,p4grid/m0_50_h5_l1e-05,m4_window_fit,ok,"RIKFLOW_W_ARCH=dense RIKFLOW_W_BATCH=256 RIKFLOW_W_EMISSION=constant RIKFLOW_W_EPOCHS=400 RIKFLOW_W_H=5 RIKFLOW_W_HIST_VAR=q_star_q RIKFLOW_W_LAMBDA=1e-05 RIKFLOW_W_NH=16 RIKFLOW_W_NZ=0 RIKFLOW_W_OUTSUB=p4grid RIKFLOW_W_PATIENCE=30 RIKFLOW_W_SCORE_TU=52,74 RIKFLOW_W_SEED=2 RIKFLOW_W_SEEDHEAD=1 RIKFLOW_W_STOP_PATIENCE=80 RIKFLOW_W_STOP_WINDOW=20000 RIKFLOW_W_TAG=m3f_h5_l1e-05_wd0.1_nh16_s2 RIKFLOW_W_TRAIN_TU=50 RIKFLOW_W_VAL_EVERY=100 RIKFLOW_W_W=1 RIKFLOW_W_WD=0.1 RIKFLOW_W_WD_EXCLUDE=bd,Araw"
57,m3f,5,1e-05,0.1,16,3,m3f_h5_l1e-05_wd0.1_nh16_s3,p4grid/m3f_h5_l1e-05_wd0.1_nh16_s3,p4grid/m0_50_h5_l1e-05,m4_window_fit,ok,"RIKFLOW_W_ARCH=dense RIKFLOW_W_BATCH=256 RIKFLOW_W_EMISSION=constant RIKFLOW_W_EPOCHS=400 RIKFLOW_W_H=5 RIKFLOW_W_HIST_VAR=q_star_q RIKFLOW_W_LAMBDA=1e-05 RIKFLOW_W_NH=16 RIKFLOW_W_NZ=0 RIKFLOW_W_OUTSUB=p4grid RIKFLOW_W_PATIENCE=30 RIKFLOW_W_SCORE_TU=52,74 RIKFLOW_W_SEED=3 RIKFLOW_W_SEEDHEAD=1 RIKFLOW_W_STOP_PATIENCE=80 RIKFLOW_W_STOP_WINDOW=20000 RIKFLOW_W_TAG=m3f_h5_l1e-05_wd0.1_nh16_s3 RIKFLOW_W_TRAIN_TU=50 RIKFLOW_W_VAL_EVERY=100 RIKFLOW_W_W=1 RIKFLOW_W_WD=0.1 RIKFLOW_W_WD_EXCLUDE=bd,Araw"
58,m3f,5,0.0001,0.01,16,1,m3f_h5_l0.0001_wd0.01_nh16_s1,p4grid/m3f_h5_l0.0001_wd0.01_nh16_s1,p4grid/m0_50_h5_l0.0001,m4_window_fit,ok,"RIKFLOW_W_ARCH=dense RIKFLOW_W_BATCH=256 RIKFLOW_W_EMISSION=constant RIKFLOW_W_EPOCHS=400 RIKFLOW_W_H=5 RIKFLOW_W_HIST_VAR=q_star_q RIKFLOW_W_LAMBDA=0.0001 RIKFLOW_W_NH=16 RIKFLOW_W_NZ=0 RIKFLOW_W_OUTSUB=p4grid RIKFLOW_W_PATIENCE=30 RIKFLOW_W_SCORE_TU=52,74 RIKFLOW_W_SEED=1 RIKFLOW_W_SEEDHEAD=1 RIKFLOW_W_STOP_PATIENCE=80 RIKFLOW_W_STOP_WINDOW=20000 RIKFLOW_W_TAG=m3f_h5_l0.0001_wd0.01_nh16_s1 RIKFLOW_W_TRAIN_TU=50 RIKFLOW_W_VAL_EVERY=100 RIKFLOW_W_W=1 RIKFLOW_W_WD=0.01 RIKFLOW_W_WD_EXCLUDE=bd,Araw"
59,m3f,5,0.0001,0.01,16,2,m3f_h5_l0.0001_wd0.01_nh16_s2,p4grid/m3f_h5_l0.0001_wd0.01_nh16_s2,p4grid/m0_50_h5_l0.0001,m4_window_fit,ok,"RIKFLOW_W_ARCH=dense RIKFLOW_W_BATCH=256 RIKFLOW_W_EMISSION=constant RIKFLOW_W_EPOCHS=400 RIKFLOW_W_H=5 RIKFLOW_W_HIST_VAR=q_star_q RIKFLOW_W_LAMBDA=0.0001 RIKFLOW_W_NH=16 RIKFLOW_W_NZ=0 RIKFLOW_W_OUTSUB=p4grid RIKFLOW_W_PATIENCE=30 RIKFLOW_W_SCORE_TU=52,74 RIKFLOW_W_SEED=2 RIKFLOW_W_SEEDHEAD=1 RIKFLOW_W_STOP_PATIENCE=80 RIKFLOW_W_STOP_WINDOW=20000 RIKFLOW_W_TAG=m3f_h5_l0.0001_wd0.01_nh16_s2 RIKFLOW_W_TRAIN_TU=50 RIKFLOW_W_VAL_EVERY=100 RIKFLOW_W_W=1 RIKFLOW_W_WD=0.01 RIKFLOW_W_WD_EXCLUDE=bd,Araw"
60,m3f,5,0.0001,0.01,16,3,m3f_h5_l0.0001_wd0.01_nh16_s3,p4grid/m3f_h5_l0.0001_wd0.01_nh16_s3,p4grid/m0_50_h5_l0.0001,m4_window_fit,ok,"RIKFLOW_W_ARCH=dense RIKFLOW_W_BATCH=256 RIKFLOW_W_EMISSION=constant RIKFLOW_W_EPOCHS=400 RIKFLOW_W_H=5 RIKFLOW_W_HIST_VAR=q_star_q RIKFLOW_W_LAMBDA=0.0001 RIKFLOW_W_NH=16 RIKFLOW_W_NZ=0 RIKFLOW_W_OUTSUB=p4grid RIKFLOW_W_PATIENCE=30 RIKFLOW_W_SCORE_TU=52,74 RIKFLOW_W_SEED=3 RIKFLOW_W_SEEDHEAD=1 RIKFLOW_W_STOP_PATIENCE=80 RIKFLOW_W_STOP_WINDOW=20000 RIKFLOW_W_TAG=m3f_h5_l0.0001_wd0.01_nh16_s3 RIKFLOW_W_TRAIN_TU=50 RIKFLOW_W_VAL_EVERY=100 RIKFLOW_W_W=1 RIKFLOW_W_WD=0.01 RIKFLOW_W_WD_EXCLUDE=bd,Araw"
61,m3f,5,0.0001,0.1,16,1,m3f_h5_l0.0001_wd0.1_nh16_s1,p4grid/m3f_h5_l0.0001_wd0.1_nh16_s1,p4grid/m0_50_h5_l0.0001,m4_window_fit,ok,"RIKFLOW_W_ARCH=dense RIKFLOW_W_BATCH=256 RIKFLOW_W_EMISSION=constant RIKFLOW_W_EPOCHS=400 RIKFLOW_W_H=5 RIKFLOW_W_HIST_VAR=q_star_q RIKFLOW_W_LAMBDA=0.0001 RIKFLOW_W_NH=16 RIKFLOW_W_NZ=0 RIKFLOW_W_OUTSUB=p4grid RIKFLOW_W_PATIENCE=30 RIKFLOW_W_SCORE_TU=52,74 RIKFLOW_W_SEED=1 RIKFLOW_W_SEEDHEAD=1 RIKFLOW_W_STOP_PATIENCE=80 RIKFLOW_W_STOP_WINDOW=20000 RIKFLOW_W_TAG=m3f_h5_l0.0001_wd0.1_nh16_s1 RIKFLOW_W_TRAIN_TU=50 RIKFLOW_W_VAL_EVERY=100 RIKFLOW_W_W=1 RIKFLOW_W_WD=0.1 RIKFLOW_W_WD_EXCLUDE=bd,Araw"
62,m3f,5,0.0001,0.1,16,2,m3f_h5_l0.0001_wd0.1_nh16_s2,p4grid/m3f_h5_l0.0001_wd0.1_nh16_s2,p4grid/m0_50_h5_l0.0001,m4_window_fit,ok,"RIKFLOW_W_ARCH=dense RIKFLOW_W_BATCH=256 RIKFLOW_W_EMISSION=constant RIKFLOW_W_EPOCHS=400 RIKFLOW_W_H=5 RIKFLOW_W_HIST_VAR=q_star_q RIKFLOW_W_LAMBDA=0.0001 RIKFLOW_W_NH=16 RIKFLOW_W_NZ=0 RIKFLOW_W_OUTSUB=p4grid RIKFLOW_W_PATIENCE=30 RIKFLOW_W_SCORE_TU=52,74 RIKFLOW_W_SEED=2 RIKFLOW_W_SEEDHEAD=1 RIKFLOW_W_STOP_PATIENCE=80 RIKFLOW_W_STOP_WINDOW=20000 RIKFLOW_W_TAG=m3f_h5_l0.0001_wd0.1_nh16_s2 RIKFLOW_W_TRAIN_TU=50 RIKFLOW_W_VAL_EVERY=100 RIKFLOW_W_W=1 RIKFLOW_W_WD=0.1 RIKFLOW_W_WD_EXCLUDE=bd,Araw"
63,m3f,5,0.0001,0.1,16,3,m3f_h5_l0.0001_wd0.1_nh16_s3,p4grid/m3f_h5_l0.0001_wd0.1_nh16_s3,p4grid/m0_50_h5_l0.0001,m4_window_fit,ok,"RIKFLOW_W_ARCH=dense RIKFLOW_W_BATCH=256 RIKFLOW_W_EMISSION=constant RIKFLOW_W_EPOCHS=400 RIKFLOW_W_H=5 RIKFLOW_W_HIST_VAR=q_star_q RIKFLOW_W_LAMBDA=0.0001 RIKFLOW_W_NH=16 RIKFLOW_W_NZ=0 RIKFLOW_W_OUTSUB=p4grid RIKFLOW_W_PATIENCE=30 RIKFLOW_W_SCORE_TU=52,74 RIKFLOW_W_SEED=3 RIKFLOW_W_SEEDHEAD=1 RIKFLOW_W_STOP_PATIENCE=80 RIKFLOW_W_STOP_WINDOW=20000 RIKFLOW_W_TAG=m3f_h5_l0.0001_wd0.1_nh16_s3 RIKFLOW_W_TRAIN_TU=50 RIKFLOW_W_VAL_EVERY=100 RIKFLOW_W_W=1 RIKFLOW_W_WD=0.1 RIKFLOW_W_WD_EXCLUDE=bd,Araw"
64,m0v,2,0,,16,1,m0v_h2_l0_nh16_s1,p4grid/m0v_h2_l0_nh16_s1,p4grid/m0_50_h2_l0,m4_diag_fit,ok,"RIKFLOW_D_ARCH=lstm RIKFLOW_D_EMISSION=state_dependent RIKFLOW_D_FREEZE=Ws,V1 RIKFLOW_D_H=2 RIKFLOW_D_NH=16 RIKFLOW_D_SCORE_TU=52,74 RIKFLOW_D_SEED=1 RIKFLOW_D_SEEDHEAD=1 RIKFLOW_D_SKIP=1 RIKFLOW_D_TAG=../p4grid/m0v_h2_l0_nh16_s1 RIKFLOW_D_TRAIN_TU=50"
65,m0v,2,0,,16,2,m0v_h2_l0_nh16_s2,p4grid/m0v_h2_l0_nh16_s2,p4grid/m0_50_h2_l0,m4_diag_fit,ok,"RIKFLOW_D_ARCH=lstm RIKFLOW_D_EMISSION=state_dependent RIKFLOW_D_FREEZE=Ws,V1 RIKFLOW_D_H=2 RIKFLOW_D_NH=16 RIKFLOW_D_SCORE_TU=52,74 RIKFLOW_D_SEED=2 RIKFLOW_D_SEEDHEAD=1 RIKFLOW_D_SKIP=1 RIKFLOW_D_TAG=../p4grid/m0v_h2_l0_nh16_s2 RIKFLOW_D_TRAIN_TU=50"
66,m0v,2,0,,16,3,m0v_h2_l0_nh16_s3,p4grid/m0v_h2_l0_nh16_s3,p4grid/m0_50_h2_l0,m4_diag_fit,ok,"RIKFLOW_D_ARCH=lstm RIKFLOW_D_EMISSION=state_dependent RIKFLOW_D_FREEZE=Ws,V1 RIKFLOW_D_H=2 RIKFLOW_D_NH=16 RIKFLOW_D_SCORE_TU=52,74 RIKFLOW_D_SEED=3 RIKFLOW_D_SEEDHEAD=1 RIKFLOW_D_SKIP=1 RIKFLOW_D_TAG=../p4grid/m0v_h2_l0_nh16_s3 RIKFLOW_D_TRAIN_TU=50"
67,m0v,3,0,,16,1,m0v_h3_l0_nh16_s1,p4grid/m0v_h3_l0_nh16_s1,p4grid/m0_50_h3_l0,m4_diag_fit,ok,"RIKFLOW_D_ARCH=lstm RIKFLOW_D_EMISSION=state_dependent RIKFLOW_D_FREEZE=Ws,V1 RIKFLOW_D_H=3 RIKFLOW_D_NH=16 RIKFLOW_D_SCORE_TU=52,74 RIKFLOW_D_SEED=1 RIKFLOW_D_SEEDHEAD=1 RIKFLOW_D_SKIP=1 RIKFLOW_D_TAG=../p4grid/m0v_h3_l0_nh16_s1 RIKFLOW_D_TRAIN_TU=50"
68,m0v,3,0,,16,2,m0v_h3_l0_nh16_s2,p4grid/m0v_h3_l0_nh16_s2,p4grid/m0_50_h3_l0,m4_diag_fit,ok,"RIKFLOW_D_ARCH=lstm RIKFLOW_D_EMISSION=state_dependent RIKFLOW_D_FREEZE=Ws,V1 RIKFLOW_D_H=3 RIKFLOW_D_NH=16 RIKFLOW_D_SCORE_TU=52,74 RIKFLOW_D_SEED=2 RIKFLOW_D_SEEDHEAD=1 RIKFLOW_D_SKIP=1 RIKFLOW_D_TAG=../p4grid/m0v_h3_l0_nh16_s2 RIKFLOW_D_TRAIN_TU=50"
69,m0v,3,0,,16,3,m0v_h3_l0_nh16_s3,p4grid/m0v_h3_l0_nh16_s3,p4grid/m0_50_h3_l0,m4_diag_fit,ok,"RIKFLOW_D_ARCH=lstm RIKFLOW_D_EMISSION=state_dependent RIKFLOW_D_FREEZE=Ws,V1 RIKFLOW_D_H=3 RIKFLOW_D_NH=16 RIKFLOW_D_SCORE_TU=52,74 RIKFLOW_D_SEED=3 RIKFLOW_D_SEEDHEAD=1 RIKFLOW_D_SKIP=1 RIKFLOW_D_TAG=../p4grid/m0v_h3_l0_nh16_s3 RIKFLOW_D_TRAIN_TU=50"
70,m0v,5,0,,16,1,m0v_h5_l0_nh16_s1,p4grid/m0v_h5_l0_nh16_s1,p4grid/m0_50_h5_l0,m4_diag_fit,ok,"RIKFLOW_D_ARCH=lstm RIKFLOW_D_EMISSION=state_dependent RIKFLOW_D_FREEZE=Ws,V1 RIKFLOW_D_H=5 RIKFLOW_D_NH=16 RIKFLOW_D_SCORE_TU=52,74 RIKFLOW_D_SEED=1 RIKFLOW_D_SEEDHEAD=1 RIKFLOW_D_SKIP=1 RIKFLOW_D_TAG=../p4grid/m0v_h5_l0_nh16_s1 RIKFLOW_D_TRAIN_TU=50"
71,m0v,5,0,,16,2,m0v_h5_l0_nh16_s2,p4grid/m0v_h5_l0_nh16_s2,p4grid/m0_50_h5_l0,m4_diag_fit,ok,"RIKFLOW_D_ARCH=lstm RIKFLOW_D_EMISSION=state_dependent RIKFLOW_D_FREEZE=Ws,V1 RIKFLOW_D_H=5 RIKFLOW_D_NH=16 RIKFLOW_D_SCORE_TU=52,74 RIKFLOW_D_SEED=2 RIKFLOW_D_SEEDHEAD=1 RIKFLOW_D_SKIP=1 RIKFLOW_D_TAG=../p4grid/m0v_h5_l0_nh16_s2 RIKFLOW_D_TRAIN_TU=50"
72,m0v,5,0,,16,3,m0v_h5_l0_nh16_s3,p4grid/m0v_h5_l0_nh16_s3,p4grid/m0_50_h5_l0,m4_diag_fit,ok,"RIKFLOW_D_ARCH=lstm RIKFLOW_D_EMISSION=state_dependent RIKFLOW_D_FREEZE=Ws,V1 RIKFLOW_D_H=5 RIKFLOW_D_NH=16 RIKFLOW_D_SCORE_TU=52,74 RIKFLOW_D_SEED=3 RIKFLOW_D_SEEDHEAD=1 RIKFLOW_D_SKIP=1 RIKFLOW_D_TAG=../p4grid/m0v_h5_l0_nh16_s3 RIKFLOW_D_TRAIN_TU=50"
73,m0v,2,1e-05,,16,1,m0v_h2_l1e-05_nh16_s1,p4grid/m0v_h2_l1e-05_nh16_s1,p4grid/m0_50_h2_l1e-05,m4_diag_fit,blocked:m4_diag_fit.jl-has-no-skip-lambda-option(RIKFLOW_D_LAMBDA),"RIKFLOW_D_ARCH=lstm RIKFLOW_D_EMISSION=state_dependent RIKFLOW_D_FREEZE=Ws,V1 RIKFLOW_D_H=2 RIKFLOW_D_NH=16 RIKFLOW_D_SCORE_TU=52,74 RIKFLOW_D_SEED=1 RIKFLOW_D_SEEDHEAD=1 RIKFLOW_D_SKIP=1 RIKFLOW_D_TAG=../p4grid/m0v_h2_l1e-05_nh16_s1 RIKFLOW_D_TRAIN_TU=50"
74,m0v,2,1e-05,,16,2,m0v_h2_l1e-05_nh16_s2,p4grid/m0v_h2_l1e-05_nh16_s2,p4grid/m0_50_h2_l1e-05,m4_diag_fit,blocked:m4_diag_fit.jl-has-no-skip-lambda-option(RIKFLOW_D_LAMBDA),"RIKFLOW_D_ARCH=lstm RIKFLOW_D_EMISSION=state_dependent RIKFLOW_D_FREEZE=Ws,V1 RIKFLOW_D_H=2 RIKFLOW_D_NH=16 RIKFLOW_D_SCORE_TU=52,74 RIKFLOW_D_SEED=2 RIKFLOW_D_SEEDHEAD=1 RIKFLOW_D_SKIP=1 RIKFLOW_D_TAG=../p4grid/m0v_h2_l1e-05_nh16_s2 RIKFLOW_D_TRAIN_TU=50"
75,m0v,2,1e-05,,16,3,m0v_h2_l1e-05_nh16_s3,p4grid/m0v_h2_l1e-05_nh16_s3,p4grid/m0_50_h2_l1e-05,m4_diag_fit,blocked:m4_diag_fit.jl-has-no-skip-lambda-option(RIKFLOW_D_LAMBDA),"RIKFLOW_D_ARCH=lstm RIKFLOW_D_EMISSION=state_dependent RIKFLOW_D_FREEZE=Ws,V1 RIKFLOW_D_H=2 RIKFLOW_D_NH=16 RIKFLOW_D_SCORE_TU=52,74 RIKFLOW_D_SEED=3 RIKFLOW_D_SEEDHEAD=1 RIKFLOW_D_SKIP=1 RIKFLOW_D_TAG=../p4grid/m0v_h2_l1e-05_nh16_s3 RIKFLOW_D_TRAIN_TU=50"
76,m0v,3,1e-05,,16,1,m0v_h3_l1e-05_nh16_s1,p4grid/m0v_h3_l1e-05_nh16_s1,p4grid/m0_50_h3_l1e-05,m4_diag_fit,blocked:m4_diag_fit.jl-has-no-skip-lambda-option(RIKFLOW_D_LAMBDA),"RIKFLOW_D_ARCH=lstm RIKFLOW_D_EMISSION=state_dependent RIKFLOW_D_FREEZE=Ws,V1 RIKFLOW_D_H=3 RIKFLOW_D_NH=16 RIKFLOW_D_SCORE_TU=52,74 RIKFLOW_D_SEED=1 RIKFLOW_D_SEEDHEAD=1 RIKFLOW_D_SKIP=1 RIKFLOW_D_TAG=../p4grid/m0v_h3_l1e-05_nh16_s1 RIKFLOW_D_TRAIN_TU=50"
77,m0v,3,1e-05,,16,2,m0v_h3_l1e-05_nh16_s2,p4grid/m0v_h3_l1e-05_nh16_s2,p4grid/m0_50_h3_l1e-05,m4_diag_fit,blocked:m4_diag_fit.jl-has-no-skip-lambda-option(RIKFLOW_D_LAMBDA),"RIKFLOW_D_ARCH=lstm RIKFLOW_D_EMISSION=state_dependent RIKFLOW_D_FREEZE=Ws,V1 RIKFLOW_D_H=3 RIKFLOW_D_NH=16 RIKFLOW_D_SCORE_TU=52,74 RIKFLOW_D_SEED=2 RIKFLOW_D_SEEDHEAD=1 RIKFLOW_D_SKIP=1 RIKFLOW_D_TAG=../p4grid/m0v_h3_l1e-05_nh16_s2 RIKFLOW_D_TRAIN_TU=50"
78,m0v,3,1e-05,,16,3,m0v_h3_l1e-05_nh16_s3,p4grid/m0v_h3_l1e-05_nh16_s3,p4grid/m0_50_h3_l1e-05,m4_diag_fit,blocked:m4_diag_fit.jl-has-no-skip-lambda-option(RIKFLOW_D_LAMBDA),"RIKFLOW_D_ARCH=lstm RIKFLOW_D_EMISSION=state_dependent RIKFLOW_D_FREEZE=Ws,V1 RIKFLOW_D_H=3 RIKFLOW_D_NH=16 RIKFLOW_D_SCORE_TU=52,74 RIKFLOW_D_SEED=3 RIKFLOW_D_SEEDHEAD=1 RIKFLOW_D_SKIP=1 RIKFLOW_D_TAG=../p4grid/m0v_h3_l1e-05_nh16_s3 RIKFLOW_D_TRAIN_TU=50"
79,m0v,5,1e-05,,16,1,m0v_h5_l1e-05_nh16_s1,p4grid/m0v_h5_l1e-05_nh16_s1,p4grid/m0_50_h5_l1e-05,m4_diag_fit,blocked:m4_diag_fit.jl-has-no-skip-lambda-option(RIKFLOW_D_LAMBDA),"RIKFLOW_D_ARCH=lstm RIKFLOW_D_EMISSION=state_dependent RIKFLOW_D_FREEZE=Ws,V1 RIKFLOW_D_H=5 RIKFLOW_D_NH=16 RIKFLOW_D_SCORE_TU=52,74 RIKFLOW_D_SEED=1 RIKFLOW_D_SEEDHEAD=1 RIKFLOW_D_SKIP=1 RIKFLOW_D_TAG=../p4grid/m0v_h5_l1e-05_nh16_s1 RIKFLOW_D_TRAIN_TU=50"
80,m0v,5,1e-05,,16,2,m0v_h5_l1e-05_nh16_s2,p4grid/m0v_h5_l1e-05_nh16_s2,p4grid/m0_50_h5_l1e-05,m4_diag_fit,blocked:m4_diag_fit.jl-has-no-skip-lambda-option(RIKFLOW_D_LAMBDA),"RIKFLOW_D_ARCH=lstm RIKFLOW_D_EMISSION=state_dependent RIKFLOW_D_FREEZE=Ws,V1 RIKFLOW_D_H=5 RIKFLOW_D_NH=16 RIKFLOW_D_SCORE_TU=52,74 RIKFLOW_D_SEED=2 RIKFLOW_D_SEEDHEAD=1 RIKFLOW_D_SKIP=1 RIKFLOW_D_TAG=../p4grid/m0v_h5_l1e-05_nh16_s2 RIKFLOW_D_TRAIN_TU=50"
81,m0v,5,1e-05,,16,3,m0v_h5_l1e-05_nh16_s3,p4grid/m0v_h5_l1e-05_nh16_s3,p4grid/m0_50_h5_l1e-05,m4_diag_fit,blocked:m4_diag_fit.jl-has-no-skip-lambda-option(RIKFLOW_D_LAMBDA),"RIKFLOW_D_ARCH=lstm RIKFLOW_D_EMISSION=state_dependent RIKFLOW_D_FREEZE=Ws,V1 RIKFLOW_D_H=5 RIKFLOW_D_NH=16 RIKFLOW_D_SCORE_TU=52,74 RIKFLOW_D_SEED=3 RIKFLOW_D_SEEDHEAD=1 RIKFLOW_D_SKIP=1 RIKFLOW_D_TAG=../p4grid/m0v_h5_l1e-05_nh16_s3 RIKFLOW_D_TRAIN_TU=50"
